AAL70;KDFW;B772
AAL704;KCLT;B772
AAR541;RKSI;A359
AAR775;LOWW;B744
AAR795;LOWW;B744
ABD344P;EBLG;B744
ABR6TR;LFPG;AT75
ACA842;CYYZ;B77W
ACA844;CYUL;B77W
ACA848;CYYC;B789
AEA1509;LEMD;B738
AEA19DE;LEMD;B738
AEG462;EIDW;SF34
AFR16BR;LFPG;E190
AFR23KP;LFPG;E190
AFR64VV;LFPG;E190
AFR68JE;LFPG;E170
AFR92PT;LFPG;E190
AHO297L;EDDH;C56X
AIC121;VIDP;B788
AIC181;VOBL;B788
ALK553;VCBI;A332
ANA9655;RJAA;B77W
ANE10VH;LEMD;CRJX
ANE12PA;LEMD;CRJX
ANE87VL;LEMD;CRJX
AUA121A;LOWW;A320
AUA131;LOWW;A320
AUA1CG;LOWW;A320
AUA1EM;LOWW;A320
AUA1FR;LOWW;A320
AXA222;LOWW;CL30
BAW906N;EGLL;A319
BAW908N;EGLL;A319
BAW910;EGLL;B789
BAW914N;EGLL;A320
BCS29Q;EDDP;A306
BCS6259;LEMD;A306
BCS6717;EGGW;A306
BCS91K;EDDP;B752
BEL2607;EBBR;A320
BEL2617;EBBR;A320
BOX1577;RKSI;B77L
BOX487;KLAX;B77L
BOX499;KLAX;B77L
BOX625;VABB;B77L
BTI6JK;EVRA;BCS3
BTI83L;EVRA;BCS3
BTX202;LFPB;PC24
CAL061;RCTP;A359
CAO1031;ZUCK;B744
CAO1041;ZSPD;B77L
CAT5590;ESNX;CRJ2
CCA577;ZBAA;A359
CCA581;ZBAA;B77W
CCA583;ZBAA;A332
CCA627;ZSPD;A359
CCA643;ZUCK;B789
CCA679;ZBAA;B789
CES7219;ZSPD;B77W
CFE40E;EGLC;E190
CFE504;EGLC;E190
CFE7VR;EGLC;E190
CFE924;EGLC;E190
CFG031;HEGN;B753
CFG1DA;LEPA;A321
CFG1MW;GCTS;A321
CFG2115;MMUN;B763
CFG2117;MMUN;B763
CFG2144;MDSD;B763
CFG2199;MUVR;B763
CFG2227;MDPC;B763
CFG2229;MDPC;B763
CFG2315;FIMP;B763
CFG2367;ZSJN;B763
CFG3705;MDLR;B763
CFG3845;MDLR;B763
CFG5VL;GCTS;A321
CKK211;ZSPD;B77L
CLU5122;EGLL;B744
CMB567;EDDN;B763
CPA289;VHHH;A35K
CSN403;ZUCK;B77L
CSN407;ZGSZ;B77L
CSN463;ZSPD;B77L
CSN465;ZGGG;B77L
CSN467;ZGGG;B77L
CSS7201;ZHHH;B744
CTN410;LDZA;A319
CTN412;LDSP;A319
CTN414;LDZA;DH8D
CTN416;LDZA;A319
DAH2070;DAAG;B738
DAL106;KJFK;B764
DAL14;KATL;A332
DCAWK;EDDV;C68A
DLA2KV;LIMF;E195
DLA35A;LOWL;E195
DLA5JT;LIPX;E195
DLA7EP;LIMF;E195
DLA8WY;LIRQ;E195
DLH02E;LOWG;E190
DLH03A;LFBD;CRJ9
DLH04Y;LOWS;A319
DLH065;EDDG;CRJ9
DLH09M;LPPR;A320
DLH09P;LEBB;A21N
DLH09X;LOWW;A320
DLH1005;EBBR;A320
DLH1059;LFMN;A20N
DLH1065;LFMN;A319
DLH1087;LFML;A320
DLH113;EDDM;CRJ9
DLH1137;LEBL;A21N
DLH11M;LFLL;A320
DLH1293;LCLK;A21N
DLH1305;LTFM;A20N
DLH1307;OLBA;A320
DLH1309;OLBA;A320
DLH1317;DAAG;A21N
DLH1323;DTTA;A20N
DLH1425;LATI;E190
DLH1455;LATI;E190
DLH1513;EGCC;A20N
DLH1515;EDDN;A320
DLH1517;EDDP;E190
DLH1519;EDDC;CRJ9
DLH1521;EGLL;A20N
DLH1523;EDNY;CRJ9
DLH1525;EDDS;CRJ9
DLH1527;LIPZ;CRJ9
DLH1529;EETN;A20N
DLH1561;UDYZ;A320
DLH1591;CYYZ;A343
DLH15E;LPFR;A21N
DLH17N;LFPG;CRJ9
DLH17V;LEPA;A21N
DLH1CH;EKCH;A20N
DLH1CM;LKPR;A20N
DLH1CV;EGLC;E190
DLH1EK;EGBB;A319
DLH1EM;EDDH;A20N
DLH1FT;LIPZ;A320
DLH1FU;LIMJ;CRJ9
DLH1JT;EGLL;A20N
DLH1KW;LMML;A20N
DLH1LY;LIBD;CRJ9
DLH1MT;EDDM;A320
DLH1PF;ENTC;A319
DLH1PN;EDDB;A320
DLH1RK;EDDH;A320
DLH1RP;EDDM;A319
DLH1TN;LBSF;A320
DLH1UC;EDNY;CRJ9
DLH1VR;EIDW;A20N
DLH1WE;LHBP;E190
DLH1YC;EDDM;A20N
DLH1YX;EDDV;A319
DLH21A;LEBL;A20N
DLH21H;LEMD;A320
DLH22E;LOWG;E190
DLH22N;LPPT;A321
DLH24J;LFMN;A320
DLH25Y;LPPR;A20N
DLH27X;LOWW;A320
DLH27Y;LFRS;E190
DLH28H;LOWW;A319
DLH28X;LEPA;A20N
DLH28Y;LPPT;A320
DLH2CT;EDDV;A319
DLH2EM;EGNT;E190
DLH2FR;EGBB;A320
DLH2FW;EDDB;A321
DLH2HP;BIKF;A21N
DLH2HV;EPKK;A320
DLH2JA;LIMC;A320
DLH2LC;LIMJ;CRJ9
DLH2LJ;EDDM;A20N
DLH2LX;ENGM;A320
DLH2MF;EGCC;A320
DLH2NV;LIML;CRJ9
DLH2PP;LFSB;CRJ9
DLH2RM;LHBP;E190
DLH2TP;ESSA;A20N
DLH2TR;LIPE;A320
DLH2UC;LIMC;CRJ9
DLH2VV;EGLL;A20N
DLH2VY;EDDW;A319
DLH2XU;LRTR;E190
DLH31F;LFBO;A20N
DLH335;LIRN;A320
DLH33C;LOWG;E190
DLH33K;LFBO;A20N
DLH34A;LEMD;A21N
DLH351;EDDW;A320
DLH35P;LFML;A320
DLH35U;LFBO;A20N
DLH393;ELLX;CRJ9
DLH39F;LFLL;A320
DLH3AE;EDDG;CRJ9
DLH3EJ;EGCC;A319
DLH3EL;ELLX;E190
DLH3EW;LIPE;A320
DLH3FN;EPKT;CRJ9
DLH3KM;EDDM;A321
DLH3MN;LHBP;A320
DLH3NW;LIRF;A320
DLH3PL;EGPH;CRJ9
DLH3TC;EPKT;CRJ9
DLH3VR;ENGM;A20N
DLH3VX;LSZH;A319
DLH3WY;EGGD;E190
DLH3YN;EDDP;E190
DLH3YW;EGLC;E190
DLH401;KJFK;B744
DLH403;KEWR;B748
DLH419;KIAD;A333
DLH41X;LEMG;A21N
DLH423;KBOS;A333
DLH42E;LFPG;A20N
DLH431;KORD;B748
DLH439;KDFW;A333
DLH441;KIAH;B748
DLH443;KDTW;A333
DLH445;KATL;A343
DLH447;KDEN;A343
DLH44C;LEBB;A20N
DLH455;KSFO;B748
DLH457;KLAX;B748
DLH463;KMIA;B748
DLH465;KMCO;A343
DLH471;CYYZ;A343
DLH47U;LOWW;A319
DLH491;KSEA;A333
DLH493;CYVR;A343
DLH499;MMMX;B748
DLH4AF;EKCH;A320
DLH4CA;EHAM;A20N
DLH4EK;EGLL;A20N
DLH4EV;LSZH;A320
DLH4HH;EPWA;A20N
DLH4HR;EHAM;A320
DLH4LL;EDDH;A320
DLH4MK;EDDH;A319
DLH4MM;EPWR;CRJ9
DLH4MW;EDDB;A320
DLH4NJ;EDDB;A319
DLH4PF;LROP;A321
DLH4RK;EPKK;A320
DLH4TX;EIDW;A319
DLH4UW;EDDS;CRJ9
DLH4WT;EFHK;A20N
DLH4WU;EPPO;CRJ9
DLH4XN;EPWR;CRJ9
DLH4XV;EDDL;A319
DLH4YE;LQSA;A319
DLH4YF;LBSF;A319
DLH501;SBGL;B744
DLH507;SBGR;B748
DLH511;SAEZ;B748
DLH519;MROC;A343
DLH51J;LEBB;A320
DLH55N;LEZL;A319
DLH561;FNLU;A333
DLH567;DNMM;A333
DLH56T;LEVC;A320
DLH573;FAOR;B748
DLH577;FACT;A343
DLH57N;LFBO;E190
DLH581;HECA;A21N
DLH591;HKJK;A333
DLH595;DNAA;A333
DLH5CF;LGAV;A20N
DLH5CV;EDDB;A320
DLH5CW;EKBI;CRJ9
DLH5EM;LRCL;CRJ9
DLH5EV;EPWA;A320
DLH5HC;EKBI;E190
DLH5KV;EDDB;A321
DLH5LX;EFHK;A20N
DLH5MA;LGAV;A320
DLH5MC;EBBR;A320
DLH5MV;EPWR;CRJ9
DLH5NH;LKPR;A20N
DLH5PA;EKBI;E190
DLH5RJ;LGAV;A20N
DLH5XU;EGLL;A20N
DLH5YE;LKPR;A20N
DLH5YH;EDDP;CRJ9
DLH601;OIIE;A333
DLH613;UBBB;A320
DLH61J;LFPG;A20N
DLH625;OKBK;A333
DLH62A;LPPR;A20N
DLH631;OMDB;B744
DLH637;OERK;A333
DLH649;UACC;A343
DLH67Y;LFPG;A319
DLH687;LLBG;A321
DLH691;LLBG;A21N
DLH693;OJAI;A320
DLH695;LLBG;A320
DLH6EN;EDDS;CRJ9
DLH6HY;LSGG;A319
DLH6JA;EDDB;A319
DLH6KN;ESGG;A320
DLH6KW;EPKK;A319
DLH6LM;LYBE;A320
DLH6LT;EDDL;A319
DLH6LY;EDDH;A320
DLH6NC;EDDN;A319
DLH6NK;EDDB;A320
DLH6PP;EGLL;A20N
DLH6PV;ESGG;A320
DLH6RX;EPGD;CRJ9
DLH6TL;EHAM;CRJ9
DLH6TR;LIMC;E190
DLH6TY;ELLX;E190
DLH6UA;EDDM;A20N
DLH6UT;EDDC;A319
DLH6VU;ESSA;A320
DLH6YC;EDDH;A319
DLH6YY;LDZA;A319
DLH705;VRMM;A333
DLH713;RKSI;A343
DLH717;RJTT;A343
DLH729;ZSPD;B748
DLH72J;LEMD;A20N
DLH73K;LFPG;CRJ9
DLH73U;LFPG;A320
DLH755;VOBL;B748
DLH757;VABB;A343
DLH761;VIDP;B744
DLH773;VTBS;A343
DLH779;WSSS;A343
DLH7AA;LFSB;CRJ9
DLH7AC;LBSF;A20N
DLH7CK;EKBI;E190
DLH7EE;EDDB;A319
DLH7FL;LICC;E190
DLH7HX;EDDH;A321
DLH7JV;LHBP;A320
DLH7LE;EDDC;E190
DLH7MC;LRCL;E190
DLH7PP;LIRF;A319
DLH7RM;LIMC;A319
DLH7VT;LSZH;A320
DLH7WT;EFHK;A20N
DLH7XH;ESGG;A319
DLH81J;LPPT;A20N
DLH83H;LEBL;A321
DLH867;ENGM;A20N
DLH875;ENBR;A319
DLH877;ENBR;CRJ9
DLH883;EETN;A320
DLH885;EETN;A20N
DLH887;EYVI;A20N
DLH889;EYVI;A320
DLH893;EVRA;A320
DLH8CE;LIML;CRJ9
DLH8CX;EKCH;A321
DLH8ET;ESGG;A20N
DLH8FF;EDDM;A320
DLH8FP;EDDB;A20N
DLH8FT;LSGG;CRJ9
DLH8FU;EDDC;E190
DLH8JH;LKPR;E190
DLH8JW;LIPQ;CRJ9
DLH8KT;LJLJ;CRJ9
DLH8LA;LSGG;E190
DLH8LL;EDDN;A319
DLH8MF;LIPZ;A319
DLH8NE;LRTR;E190
DLH8NL;EPPO;CRJ9
DLH8RV;EIDW;A320
DLH8WA;EDDV;CRJ9
DLH8YK;LIML;A319
DLH8YL;LIPZ;E190
DLH91A;LEBL;A321
DLH91Y;LFML;A319
DLH92C;LFLL;A319
DLH92N;LOWS;A319
DLH975;EGPF;E190
DLH9921;EDDS;A321
DLH9931;EPPO;CRJ9
DLH9AJ;EDDH;A20N
DLH9CH;LROP;A321
DLH9CJ;EDDP;A320
DLH9EK;EDDL;A320
DLH9FF;EPWA;A321
DLH9HL;LSZH;A20N
DLH9HX;LJLJ;CRJ9
DLH9JA;LIML;A319
DLH9JF;LIRF;A320
DLH9MR;EPWA;A320
DLH9PK;LSZH;CRJ9
DLH9TP;ESSA;A320
DLH9VV;EDDS;A319
DLH9VY;EDDW;A319
DLH9WL;EIDW;A20N
DLH9XM;LYBE;A20N
DLH9YX;EBBR;A319
EIN65A;EIDW;A320
EIN6JY;EIDW;A320
ENT51KH;LSZH;B738
ETD2014;OMAA;B77W
ETD7;OMAA;B78X
ETD901;OMAA;B77L
ETH706;HAAB;A359
EWG18L;BKPR;A320
FCK511;B350;
FDX3;LFPG;B77L
FDX34;EGSS;MD11
FGXAE;LFPB;E55P
FIN1AB;EFHK;E190
FIN7RA;EFHK;A321
FRF201;LRAR;SF34
FSE1C;LSZH;C25M
GEC8161;KJFK;B77L
GEC8175;KATL;B77L
GEC8177;KATL;B77L
GEC8189;KORD;B77L
GEC8225;MMGL;B77L
GEC8265;SAEZ;B77L
GEC8291;HECA;B77L
GEC8385;RKSI;B77L
GEC8387;RKSI;B77L
GEC8391;RKSI;B77L
GEC8409;RKSI;B77L
GEC8433;RKSI;B77L
GEC8441;RKSI;B77L
GEC8473;RKSI;B77L
GFA016;LFPG;B789
GFA017;OBBI;A21N
GTI8092;KORD;B744
HBJTC;LSZH;F2TH
HRN221;EDDH;C56X
HVN31;VVTS;B789
HVN37;VVNB;B789
IAW245;ORSU;B738
IBE3126;LEMD;A320
ICE520;BIKF;B38M
IFA545;EDDB;GLEX
IJACK;LSGG;HDJT
IMX112;EGBB;AT72
IRA721;OIIE;A332
ITY404;LIRF;A320
ITY410;LIML;A320
JAL407;RJAA;B789
JDI85H;EPWA;CL35
KAC171;OKBK;A20N
KAL537;LOWW;B744
KAL539;RKSI;B748
KAL8909;RKSI;B77W
KAL905;RKSI;B789
KLM1765;EHAM;E190
KLM1775;EHAM;E190
KLM31W;EHAM;E190
KLM73J;EHAM;E190
KZR921;UACC;A21N
KZR937;UARR;A20N
LCO1503;EHAM;B763
LCO1504;EHAM;B763
LOT383;EPWA;E170
LOT3KF;EPWA;E75S
LOT3VF;EPWA;E75S
LZB440;EDDB;E190
MAA2530;KGSP;B763
MEA217;OLBA;A21N
MSR538;HECA;A332
MSR785;HECA;B738
N307EL;EGLF;GA5C
N887WT;EGSS;GLF6
NJE370D;LFRG;C56X
NJE682A;EDRY;C68A
NJE918D;LSZC;CL35
OCN11;MMUN;A333
OCN133;FYWH;A333
OCN135;HKMO;A333
OCN153;FIMP;A333
OCN2003;MDLR;A333
OCN3;MDPC;A332
OCN301;GCFV;A320
OCN303;GCLP;A320
OCN307;GCTS;A320
OCN309;GCRR;A320
OCN501;LEPA;A320
OCN503;LEPA;A320
OCN6;MDPP;A333
OMA115;OOMS;B789
PGT23B;LTFJ;A320
PGT30Z;LTFJ;B738
PGT995;LTFJ;A20N
QTR06P;OTHH;B77W
QTR59J;OTHH;B748
QTR8221;OTHH;B744
QTR96U;OTHH;B77W
RAM810D;GMMN;B738
RJA125G;OJAI;A319
ROT301R;LROP;A318
ROT305N;LROP;A318
RYR24EU;EIDW;B738
RYR24T;LEMG;B738
RYR2BY;LEBL;B738
RYR2MF;LIME;B738
RYR31HJ;EGSS;B738
RYR384K;LICC;B738
RYR38KE;LEPA;B738
RYR41DD;EGSS;B738
RYR5SD;LEAL;B738
RYR6PP;EIDW;B738
RYR8RJ;EPKK;B738
SAS1635;EKCH;CRJ9
SAS4755;ENGM;A319
SIA25;KJFK;B77W
SIA26;WSSS;B77W
SIA326;WSSS;B77W
SVA167;OEJN;B789
SVA929;OERK;B77L
SWR101G;LSGG;BCS1
SWR104C;LSGG;BCS1
SWR105A;LSZH;BCS3
SWR106U;LSGG;BCS3
SWR22RB;LSZH;E290
SXS1;LTAI;B38M
SXS7JT;LTAC;B738
T7CLB;LYTV;GALX
TAM8070;SBGR;B77W
TAP572F;LPPT;A21N
TAP576G;LPPT;E195
TAP578G;LPPT;A319
TAR744;DTTA;A319
TESTKP;EDDW;TEST
THA920;VTBS;B77W
THA922;VTBS;B77W
THA926;VTSP;A359
THY5GC;LTFJ;B738
THY6403;LTFM;A332
THY64G;LTFM;A321
THY8NB;LTFM;A21N
THY8NH;LTFM;A333
TUA467;UTAA;B77L
TUI253;LEJR;B738
TUI37E;GCLP;B738
TUI529;GCTS;B38M
TUI6YX;GCTS;B738
TUI801P;EDDK;B38M
TUI803P;EDDL;B738
TUI8EG;GCFV;B738
TUI9LV;GCRR;B738
UAE45;OMDB;A388
UAE6RA;OMDB;A388
UAE9903;EHAM;B77L
UAE9923;EGLL;B77L
UAE9935;OMDB;B77L
UAL182;KDEN;B789
UAL46;KIAH;B772
UAL58;KSFO;B789
UAL907;KORD;B789
UAL960;KEWR;B78X
UAL989;KIAD;B78X
UZB231;UTTT;B788
VTI025;VIDP;B789
AAL70;KDFW;B772
AAL704;KCLT;B772
AAR541;RKSI;A359
AAR5419;RKSI;A359
AAR7917;LOWW;B744
AAR793;EGSS;B744
AAR795;LOWW;B744
ACA7315;CYVR;B789
ACA840;CYYZ;B77W
ACA842;CYYZ;B788
ACA844;CYUL;B77W
ACA848;CYYC;B789
AEA21AW;LEMD;B738
AEA51HD;LEMD;B738
AEE13;LGAV;A20N
AEE530;LGTS;A20N
AEG462;EIDW;SF34
AEG9102;EDSB;SF34
AFR12LY;LFPG;E190
AFR21RN;LFPG;E190
AFR69AD;LFPG;E190
AFR73EV;LFPG;E170
AFR81EW;LFPG;E190
AHO227J;EDXW;E550
AHO266Q;LIPO;E55P
AHO8368;KAPF;FA7X
AIC121;VIDP;B788
ALK553;VCBI;A333
ANA1903;LOWW;B789
ANA1925;LOWW;B789
ANE18KC;LEMD;CRJX
ANE48HA;LEMD;CRJX
ANE81ZZ;LEMD;CRJX
ASL76B;LYBE;A319
ATG4438;EDDM;B744
ATG5533;UACC;B744
ATL9K;LSZR;C56X
AUA1B;LOWW;A320
AUA1CG;LOWW;A320
AUA1E;LOWW;A320
AUA1FR;LOWW;A320
AUA1G;LOWW;A320
AUA6001;LOWW;B772
AUA6052;LOWW;B772
AXA222;LOWW;CL30
AXE100P;LZIB;B738
AXE9651;OKAS;B738
BAV73;VVNB;B789
BAW902N;EGLL;A319
BAW904N;EGLL;A319
BAW906;EGLL;A388
BAW908N;EGLL;A319
BAW910N;EGLL;A319
BAW914N;EGLL;A319
BCS29Q;EDDP;A306
BCS371;KORD;A333
BCS6015;LFRN;A306
BCS6259;LEMD;A306
BCS6717;EGGW;A306
BCS91K;EDDP;B752
BEL6NX;EBBR;A319
BEL8QB;EBBR;A320
BFY567R;OEJN;GLF5
BID21A;EDDW;SW4
BOX413;KORD;B77L
BOX417;KDFW;B77L
BOX425;KATL;B77L
BOX453;KJFK;B77L
BOX499;KLAX;B77L
BOX621;VOBL;B77L
BOX623;VABB;B77L
BOX691;VOBL;B77L
BTI6JK;EVRA;BCS3
BTI83L;EVRA;BCS3
BZE03A;EGKB;LJ75
CAL061;RCTP;B77W
CAL2061;RCTP;A359
CAO1041;ZSPD;B744
CCA581;ZBAA;B789
CCA583;ZBAA;A332
CCA627;ZSPD;A359
CCA679;ZBAA;A359
CES219;ZSPD;B77W
CES7219;ZSPD;A332
CFE16A;EGLC;E190
CFE40E;EGLC;E190
CFE504;EGLC;E190
CFE7VR;EGLC;E190
CFE924;EGLC;E190
CFG031;HEGN;A320
CFG1MW;GCTS;A332
CFG2033;KSEA;B763
CFG2063;KLAS;B763
CFG2115;MMUN;B763
CFG2117;MMUN;B763
CFG2119;MMUN;B763
CFG2144;MDSD;B763
CFG2185;MUHA;B763
CFG2199;MUVR;B763
CFG2207;MUHG;B763
CFG2209;MDPC;B763
CFG2227;MDPC;B763
CFG2229;MDPC;B763
CFG2315;FIMP;B763
CFG2321;VRMM;B763
CFG3813;MDLR;B763
CFG3965;TNCM;B763
CFG6LA;GCTS;A332
CFG9EF;GCFV;A332
CND925P;EHAM;B738
CND9296;DTNH;B738
CPA289;VHHH;B77W
CSN403;ZUCK;B77L
CSN461;ZSPD;B77L
CSN463;ZSPD;B77L
CSN465;ZGGG;B77L
CSN467;ZGGG;B77L
CTN410;LDZA;DH8D
CTN412;LDSP;A319
CTN414;LDZA;DH8D
CTN416;LDZA;A319
DAH2070;DAAG;B738
DAH2208;DAAG;B737
DAL106;KJFK;A332
DAL14;KATL;A332
DCDSO;EDNY;C55B
DCWPS;EDDH;E55P
DKH1623;ZSPD;B789
DKH1625;ZSPD;B789
DLA02P;LOWL;E195
DLA1TN;LIMF;E195
DLA3MR;LIPX;E195
DLA3NE;LIMF;E195
DLA5PF;LIPX;E195
DLA5YJ;LIRQ;E195
DLA7KF;LIRP;E195
DLA8045;LOWL;E195
DLA9CJ;LIRQ;E195
DLH001;EDDH;A319
DLH01F;LEMD;A320
DLH033;EDDH;A320
DLH03H;LOWG;A319
DLH04C;LEMD;A320
DLH04P;LFML;A320
DLH065;EDDG;CRJ9
DLH06Y;LOWS;A320
DLH073;EDDL;A320
DLH07A;LOWW;A320
DLH07T;LOWS;A319
DLH081;EDDL;A321
DLH085;EDDL;E190
DLH111;EDDM;A320
DLH11U;LFRS;CRJ9
DLH1293;LCLK;A20N
DLH1301;LTFM;A20N
DLH1305;LTFM;A21N
DLH1307;OLBA;A320
DLH1309;OLBA;A319
DLH1317;DAAG;A343
DLH1323;DTTA;A21N
DLH1327;DTTA;A20N
DLH1331;GMMN;A320
DLH13W;LEBL;A320
DLH1425;LATI;A319
DLH1455;LATI;A320
DLH1561;UDYZ;A319
DLH1591;EETN;A343
DLH1593;KORD;A343
DLH161;EDDP;CRJ9
DLH163;EDDP;E190
DLH173;EDDB;A321
DLH175;EDDB;A321
DLH195;EDDB;A321
DLH19Y;LFLL;A20N
DLH1C;LSZH;A320
DLH1EC;LDZA;A320
DLH1HP;LBSF;A20N
DLH1HV;EDDL;A320
DLH1KN;EDDH;A20N
DLH1KR;EDDM;A321
DLH1LT;EGNT;CRJ9
DLH1MM;LIRF;A320
DLH1P;LKPR;A319
DLH1PK;ESGG;A321
DLH1RL;EGPH;A321
DLH1VR;EDDG;CRJ9
DLH1VV;LIPE;A319
DLH1W;EBBR;A320
DLH1WN;EDDG;CRJ9
DLH1Y;EBBR;A320
DLH1YA;LIML;A319
DLH1YX;EDDH;A321
DLH201;EDDB;A319
DLH21A;LPPT;A320
DLH21X;LPPR;A20N
DLH22H;LEPA;A320
DLH23M;LOWG;A320
DLH253;LIMC;A319
DLH257;LIMC;A319
DLH259;LIMC;A20N
DLH26Y;LGTS;A320
DLH27F;LFBO;A319
DLH28J;LFBO;A320
DLH291;LIPE;A320
DLH2A;EHAM;A319
DLH2AH;EDDM;A20N
DLH2EK;EDNY;CRJ9
DLH2F;LFPG;A319
DLH2J;LFPG;A320
DLH2K;LSGG;A319
DLH2LY;EPWA;A321
DLH2NC;EGLC;E190
DLH2PM;LIRF;A320
DLH2RJ;EDDS;A319
DLH2RT;LIMC;A320
DLH2TR;EDDH;A320
DLH2UH;LIML;CRJ9
DLH2VL;EPWA;A319
DLH2VR;EPWA;A320
DLH2WH;EDDM;A320
DLH2WU;EDDB;A319
DLH2YX;EKBI;A319
DLH307;LICC;A321
DLH31X;LFLL;A319
DLH32V;LFML;A320
DLH33U;LFLL;A319
DLH34A;LEBL;A20N
DLH351;EDDW;E190
DLH355;EDDW;CRJ9
DLH357;EDDW;E190
DLH359;EDDW;E190
DLH373;EDNY;CRJ9
DLH375;EDNY;CRJ9
DLH37F;LEBB;A320
DLH38Y;LEBL;A320
DLH393;ELLX;CRJ9
DLH399;ELLX;E190
DLH3AP;LHBP;A20N
DLH3CK;LIPQ;CRJ9
DLH3CL;EDDC;A320
DLH3EM;LHBP;A20N
DLH3FL;EPKK;A320
DLH3FN;EGLC;E190
DLH3HY;LFSB;CRJ9
DLH3KK;LJLJ;A319
DLH3LJ;LJLJ;CRJ9
DLH3NH;EGCC;A320
DLH3NJ;EGLC;E190
DLH3P;LKPR;A320
DLH3PJ;EPGD;CRJ9
DLH3RK;EDDC;A320
DLH3TR;ENGM;A20N
DLH3TT;EGBB;A320
DLH3TW;ELLX;E190
DLH3U;EGLL;A20N
DLH3VE;LIML;CRJ9
DLH3VX;EDDH;A321
DLH3WR;LHBP;A20N
DLH401;KJFK;B748
DLH403;KEWR;B748
DLH419;KIAD;B748
DLH41J;LEBL;A321
DLH423;KBOS;B744
DLH427;KPHL;A343
DLH431;KORD;B748
DLH438;BIKF;A333
DLH439;KDFW;A343
DLH441;KIAH;B748
DLH443;KDTW;A333
DLH445;KATL;A333
DLH447;KDEN;A343
DLH44K;LEPA;A321
DLH455;KSFO;B748
DLH457;KLAX;B748
DLH463;KMIA;B748
DLH465;KMCO;B744
DLH46E;LEMD;A321
DLH471;CYYZ;B744
DLH479;CYUL;A343
DLH48H;LFBO;A320
DLH48Y;LPPT;A20N
DLH491;KSEA;A333
DLH493;CYVR;B744
DLH499;MMMX;B748
DLH4CF;LGAV;A20N
DLH4CU;EDDM;A321
DLH4EC;LIRF;A319
DLH4EJ;LROP;A320
DLH4H;EGLL;A20N
DLH4HW;LYBE;A320
DLH4KV;EDDV;A320
DLH4LA;EGGD;E190
DLH4LX;EFHK;A20N
DLH4PF;EGGD;E190
DLH4PN;EDDB;A320
DLH4RL;EPKT;E190
DLH4RT;EDDN;E190
DLH4TT;LQSA;A320
DLH4UP;EKBI;A320
DLH4UV;LRTR;E190
DLH4XK;LIPZ;A321
DLH4YE;EDDN;CRJ9
DLH507;SBGR;B748
DLH511;SAEZ;B748
DLH51A;LEBB;A320
DLH543;SKBO;A343
DLH54M;LFML;A320
DLH55T;LPFR;A321
DLH561;FNLU;A333
DLH569;DNMM;A333
DLH56V;LEVC;A320
DLH573;FAOR;B748
DLH577;FACT;A343
DLH57Y;LEBL;A20N
DLH583;HECA;A321
DLH585;HECA;A21N
DLH58F;LEPA;A21N
DLH591;HKJK;A333
DLH595;DNAA;A333
DLH5AC;EDDV;A319
DLH5AE;LRCL;E190
DLH5CH;EPKK;A21N
DLH5EL;LYBE;A20N
DLH5HU;LIML;A320
DLH5JT;ESSA;A20N
DLH5K;LSGG;CRJ9
DLH5KK;LJLJ;CRJ9
DLH5KR;EDDH;A320
DLH5MW;EDDB;A321
DLH5NC;EDDN;E190
DLH5PJ;LFSB;CRJ9
DLH5PN;EDDB;A20N
DLH5PX;LIML;A320
DLH5RX;EDDM;A319
DLH5TN;ENGM;A320
DLH5TY;EDDC;CRJ9
DLH5XV;LGAV;A320
DLH5YX;EDDP;E190
DLH601;OIIE;A343
DLH613;UBBB;A321
DLH625;OKBK;A333
DLH62K;LFMN;A319
DLH62T;LEMG;A21N
DLH631;OMDB;A333
DLH637;OERK;A333
DLH647;UAAA;A333
DLH649;UACC;A333
DLH64M;LPPT;A321
DLH66K;LEMG;A320
DLH67Y;LEBL;A320
DLH687;LLBG;A21N
DLH68E;LOWS;A319
DLH691;LLBG;A21N
DLH693;OJAI;A21N
DLH695;LLBG;A321
DLH697;ORER;A319
DLH6AN;EDDL;A319
DLH6AR;EDDH;A320
DLH6C;LSZH;A320
DLH6HC;EDDP;CRJ9
DLH6J;LFPG;A319
DLH6K;LSGG;A319
DLH6KK;LIPE;A320
DLH6LF;LIPZ;A319
DLH6MH;LBSF;A320
DLH6MM;EDDM;A20N
DLH6P;LKPR;A320
DLH6PX;EGBB;A20N
DLH6RJ;LMML;A20N
DLH6RV;EPWR;CRJ9
DLH6TP;LHBP;A320
DLH6U;EGLL;A20N
DLH6UA;LQSA;A320
DLH705;VRMM;A333
DLH713;RKSI;A343
DLH717;RJTT;A343
DLH71A;LPPT;A20N
DLH71F;LEBB;A320
DLH71V;LEBL;A320
DLH72T;LFBD;CRJ9
DLH74C;LFMN;A321
DLH755;VOBL;B744
DLH757;VABB;B744
DLH761;VIDP;B748
DLH76M;LEMD;A320
DLH773;VTBS;A343
DLH779;WSSS;A343
DLH77P;LPPR;A321
DLH7A;EHAM;A320
DLH7AH;EDDB;A320
DLH7C;LSZH;A320
DLH7CW;LIPZ;A320
DLH7H;EGLL;A20N
DLH7JH;EDDC;A319
DLH7KJ;EDDH;A321
DLH7KW;EDDV;A20N
DLH7MJ;LIRF;A320
DLH7P;LKPR;A320
DLH7PL;EIDW;A321
DLH7V;LOWW;A321
DLH7WL;LIML;A320
DLH7WT;EKCH;A20N
DLH7XM;EDDB;A319
DLH7YA;LIPE;A319
DLH7YY;LIRF;A20N
DLH803;ESSA;A320
DLH805;ESSA;A20N
DLH813;ESGG;A20N
DLH821;ESGG;A320
DLH839;EKBI;A319
DLH855;EFHK;A20N
DLH863;ENGM;A20N
DLH875;ENBR;A319
DLH877;ENBR;A319
DLH87X;LFMN;A319
DLH881;EETN;A321
DLH883;EETN;A20N
DLH885;EETN;A20N
DLH887;EYVI;A320
DLH889;EYVI;A319
DLH893;EVRA;A321
DLH8A;EHAM;A20N
DLH8AX;EPKK;A20N
DLH8C;LSZH;A320
DLH8CJ;EDDH;A320
DLH8EK;EGCC;A320
DLH8ET;EDDS;A319
DLH8FN;EPPO;CRJ9
DLH8H;EGLL;A20N
DLH8J;LFPG;A321
DLH8KW;ENGM;A320
DLH8KY;EDDH;A320
DLH8LJ;EDDM;A320
DLH8MH;EDDB;A21N
DLH8NC;EDDM;A320
DLH8NM;LIRN;A320
DLH8PN;EKCH;A320
DLH8PR;EDDS;A319
DLH8RV;EDDV;A320
DLH8U;EGLL;A20N
DLH8UP;LGAV;A320
DLH8VV;EPPO;CRJ9
DLH8W;EBBR;A319
DLH8WT;LMML;A20N
DLH8XV;LFSB;CRJ9
DLH943;EGCC;A321
DLH947;EGCC;A320
DLH955;EGBB;A320
DLH959;EGBB;A319
DLH965;EGPH;A320
DLH977;EIDW;E190
DLH97P;LEBL;A321
DLH981;EIDW;A320
DLH983;EIDW;A319
DLH9871;EDDB;A320
DLH9907;EDDB;A321
DLH9921;PANC;A333
DLH9925;BIKF;A343
DLH9932;LZIB;E190
DLH99M;LOWG;CRJ9
DLH99P;LEVC;A20N
DLH9A;EHAM;A320
DLH9C;LSZH;A20N
DLH9CF;BIKF;A21N
DLH9EM;LIPZ;A20N
DLH9F;LFPG;E190
DLH9FW;EDDM;A319
DLH9H;EGLL;A20N
DLH9HA;EPWR;CRJ9
DLH9JT;LROP;A321
DLH9KA;EKCH;A320
DLH9KV;EGPF;A20N
DLH9LA;LDZA;A319
DLH9LW;LIRF;A20N
DLH9TX;EBBR;A20N
DLH9U;EGLL;A20N
DLH9UM;EDDS;E190
DLH9V;LOWW;A20N
DLH9VT;EPWR;CRJ9
DLH9Y;EBBR;A320
DLH9YX;EPGD;CRJ9
EIN65A;EIDW;A320
EIN6JY;EIDW;A320
ELY355;LLBG;B738
ELY357;LLBG;B739
ETD1;OMAA;B789
ETD901;OMAA;B77L
ETD902;KORD;B77L
ETH706;HAAB;A359
EWG6612;BKPR;A320
FDX3;LFPG;B77L
FDX32;EDDK;B77L
FDX33;LIMC;B77L
FDX34;EGSS;MD11
FIN1AB;EFHK;E190
FIN7RA;EFHK;A319
FRF801;UGTB;AT43
FTY6;EDDM;C25M
GAC778B;EDDK;C510
GAF602;EBBR;GLEX
GAF625;EDDK;GLEX
GEC8161;KJFK;B77L
GEC8175;KATL;B77L
GEC8187;KORD;B77L
GEC8189;KORD;B77L
GEC8221;KDFW;B77L
GEC8225;MMGL;B77L
GEC8295;HECA;A321
GEC8347;LTFM;A321
GEC8351;EGCC;A321
GEC8385;RKSI;B77L
GEC8387;RKSI;B77L
GEC8389;RKSI;B77L
GEC8391;RKSI;B77L
GEC8411;VOBL;B77L
GEC8433;RKSI;B77L
GEC8435;RKSI;B77L
GEC8441;RKSI;B77L
GEC8473;RKSI;B77L
GEC8475;RKSI;B77L
GEL903;UGTB;B742
GER111P;EDDK;E190
GFA017;OBBI;A21N
GTI8092;KORD;B744
HFY431;UTDD;A339
HRN313;LYPG;LJ60
HVN31;VVTS;B789
HVN37;VVNB;B789
IAW231;ORER;B738
ICE520;BIKF;B39M
IFA557;EDDB;GLEX
IFA6133;EDDN;GLEX
IMX112;EGBB;AT72
IRA721;OIIE;A332
ITY404;LIRF;A320
ITY410;LIML;A319
ITY416;LIML;A320
JAS71;EGWU;GA6C
JNL0024;EBAW;E135
JNL1024;ESGG;E145
JNL2266;ESGG;E145
JSH302;EPSY;C650
KAC171;OKBK;A320
KAL529;RKSI;B77L
KAL539;RKSI;B748
KAL8539;RKSI;B748
KAL8909;RKSI;B77W
KAL9903;RKSI;B789
KLM1765;EHAM;E75L
KLM1769;EHAM;E75L
KLM1775;EHAM;E190
KLM31W;EHAM;E75L
KLM67F;EHAM;E75L
KZR921;UACC;A21N
KZR937;UARR;A20N
LCO1501;EHAM;B763
LCO1502;EHAM;B763
LJC2;EGTK;B350
LJC7;EHAM;BE20
LOT2PE;EPWA;E195
LOT9KZ;EPWA;E75S
MAA2510;KGSP;B763
MEA217;OLBA;A21N
MLD863;LUKK;A320
MSC2942;HEGN;A20N
MSR538;HECA;A332
N279SW;LFPB;F2TH
NJE610P;EDDH;C68A
NJE940U;LSZH;C68A
OCN101;MPTO;A333
OCN11;MMUN;A332
OCN133;FYWH;A333
OCN139;FYWH;A333
OCN153;FIMP;A332
OCN17K;KLAS;A332
OCN2011;MDLR;A333
OCN21T;LGRP;A320
OCN2K;GCFV;A320
OCN30G;GCLP;A320
OCN3A;MDPC;A333
OCN3V;HEGN;A320
OCN3X;GCTS;A320
OCN61;KRSW;A333
OCN6C;LPMA;A320
OCN8AZ;LGIR;A320
OCN8N;KTPA;A333
OCN9;TBPB;A333
OCN9P;LEJR;A320
OEGTE;LIML;C56X
OMA115;OOMS;B789
PAV829;EDDB;E55P
PGT61W;LTFJ;A21N
PGT81C;LTFJ;A20N
PSK603;LYPG;CN35
QTR3M;OTHH;B77L
QTR59J;OTHH;B744
QTR6P;OTHH;B77W
QTR8221;OTHH;B744
QTR96U;OTHH;A359
RAM810D;GMMN;B738
RJA125G;OJAI;A319
ROT301J;LROP;A318
ROT305;LROP;A318
SAS635;ESSA;CRJ9
SAS93M;EKCH;CRJ9
SIA25;KJFK;A388
SIA26;WSSS;A388
SIA326;WSSS;A359
SRK018;EDLN;HDJT
SVA167;OEJN;B789
SVA179;OERK;B789
SWR101G;LSGG;BCS3
SWR104C;LSGG;BCS3
SWR105A;LSZH;BCS1
SWR108A;LSGG;BCS3
SWR22RB;LSZH;A321
SXS1;LTAI;B38M
SXS1SN;LTBJ;B738
SXS25G;LTAF;B38M
SXS73C;LTBJ;B738
TAM8070;SBGR;B77W
TAP572F;LPPT;A320
TAP574F;LPPT;A320
TAP576F;LPPT;A320
TAR744;DTTA;A319
TAY4694;LFPG;B734
TESTJT;EDVE;B350
THA920;VTBS;B77W
THA926;VTSP;A359
THY3XT;LTFM;A321
THY40VN;LTFM;A333
THY41AB;LTFM;A333
THY5568;LTAC;B738
THY6403;LTFM;B77L
THY6405;LTFM;A332
THY9NG;LTFJ;B738
TOY260;LLBG;CL30
TUA461;UTAA;B77L
TUI103;HEGN;B738
TUI3VM;LPFR;B738
TUI4B;HEMA;B38M
TUI64L;LEJR;B738
TUI6HA;GVAC;B738
TUI6YX;GCTS;B38M
TUI824P;EDDL;B738
TUI8932;LLBG;B738
TUI8EG;GCFV;B738
TUI8WA;GCLP;B738
TUI8YC;LPMA;B738
TUI9LV;GCRR;B738
TYW524P;LIPH;C55B
UAE41QP;EHAM;B77L
UAE6MR;KLAX;B77L
UAE6RA;OMDB;A388
UAE9265;KLCK;B77W
UAE98YM;OMDB;A388
UAL182;KDEN;B789
UAL46;KIAH;B772
UAL58;KSFO;B77W
UAL907;KORD;B789
UAL932;KIAD;B763
UAL944;KORD;B788
UAL960;KEWR;B78X
UAL989;KIAD;B78X
UZA445P;LKMT;AN26
UZB231;UTTT;A20N
VJT401;LSZH;CL35
VJT467;LSZH;CL35
VJT474;LSZH;CL35
VJT582;OEJN;CL60
VLJ914N;LFPB;C525
VLJ933S;EPWR;C525
VTI025;VIDP;B789
VVV341;EIDW;C25B
